"old_id","action_timestamp","user_name","action_name","old_state","new_state"
"ECHOL00000001","1/3/2022 9:46","engineer","Submit","no_value","Submitted"
"ECHOL00000001","1/6/2022 9:48","engineer","Backlog","Submitted","Backlog"
"ECHOL00000001","1/11/2022 10:35","engineer","Start","Backlog","Active"
"ECHOL00000001","1/14/2022 11:44","engineer","Resolve","Active","Resolved"
"ECHOL00000002","1/4/2022 10:01","engineer","Submit","no_value","Submitted"
"ECHOL00000002","1/8/2022 9:53","engineer","Backlog","Submitted","Backlog"
"ECHOL00000003","1/3/2022 13:20","engineer","Submit","no_value","Submitted"
"ECHOL00000003","1/8/2022 13:28","engineer","Backlog","Submitted","Backlog"
"ECHOL00000004","1/4/2022 13:16","engineer","Submit","no_value","Submitted"
"ECHOL00000004","1/9/2022 13:51","engineer","Backlog","Submitted","Backlog"
"ECHOL00000004","1/14/2022 16:51","engineer","Start","Backlog","Active"
"ECHOL00000004","1/16/2022 10:17","engineer","Resolve","Active","Resolved"
"ECHOL00000005","1/5/2022 9:09","engineer","Submit","no_value","Submitted"
"ECHOL00000005","1/8/2022 9:21","engineer","Backlog","Submitted","Backlog"
"ECHOL00000006","1/3/2022 15:52","engineer","Submit","no_value","Submitted"
"ECHOL00000006","1/5/2022 9:38","engineer","Backlog","Submitted","Backlog"
"ECHOL00000007","1/5/2022 13:50","engineer","Submit","no_value","Submitted"
"ECHOL00000008","1/2/2022 12:14","engineer","Submit","no_value","Submitted"
"ECHOL00000008","1/6/2022 15:39","engineer","Backlog","Submitted","Backlog"
"ECHOL00000008","1/7/2022 11:47","engineer","Start","Backlog","Active"
"ECHOL00000009","1/2/2022 13:43","engineer","Submit","no_value","Submitted"
"ECHOL00000009","1/5/2022 10:09","engineer","Backlog","Submitted","Backlog"
"ECHOL00000010","1/6/2022 15:14","engineer","Submit","no_value","Submitted"
"ECHOL00000011","1/6/2022 15:12","engineer","Submit","no_value","Submitted"
"ECHOL00000012","1/6/2022 13:45","engineer","Submit","no_value","Submitted"
