"Name","StartDate","EndDate","Description"
"Sprint 1","2022-01-26 00:00:00","2022-02-09 00:00:00",""
"Sprint 2","2022-02-09 00:00:00","2022-02-23 00:00:00",""
"Sprint 3","2022-02-23 00:00:00","2022-03-09 00:00:00",""
"Sprint 4","2022-03-09 00:00:00","2022-03-23 00:00:00",""
"Sprint 5","2022-03-23 00:00:00","2022-04-06 00:00:00",""
"Sprint 6","2022-04-06 00:00:00","2022-04-20 00:00:00",""
"Sprint 7","2022-04-20 00:00:00","2022-05-04 00:00:00",""
"Sprint 8","2022-05-04 00:00:00","2022-05-18 00:00:00",""
"Sprint 9","2022-05-18 00:00:00","2022-06-01 00:00:00",""
"Sprint 10","2022-06-01 00:00:00","2022-06-15 00:00:00",""
